Workbook

Sheet Instruções
B2: NexClin · Planilha de apontamentos das baterias de teste
B4: Para que serve | C4: Registrar tudo que você encontrar usando o sistema. É esta planilha que decide o que é corrigido antes do lançamento de 01/09.
B6: A regra, que é uma só
B7: BUG | C7: O sistema faz algo errado, ou não faz o que deveria fazer. → Correção imediata, antes do lançamento.
B8: BACKLOG | C8: O sistema faz certo, mas você gostaria que fizesse diferente ou a mais. → Fica registrado e entra depois do lançamento.
B9: NA DÚVIDA | C9: Marque BUG. É melhor eu descartar um item do que perder um problema real.
B11: Três coisas que já sabemos | C11: Se acontecerem, NÃO precisa registrar:
C12: 1. Lista aparecendo vazia (pacientes, consultas). O filtro vem em "Este mês" e o cadastro some. Troque o período e tudo aparece.
C13: 2. Tela branca no primeiro acesso. Recarregue com F5 e funciona.
C14: 3. Filtro de período diferente de uma tela para outra.
B16: Antes de começar | C16: Crie uma clínica nova pelo cadastro e teste nela. O ambiente tem clínicas de teste antigas com dado bagunçado — testar naquilo faz você perder tempo com lixo que não é seu.
B18: Como preencher
B19: Data | C19: Quando aconteceu.
B20: Quem | C20: Seu nome (lista suspensa).
B21: Tela / Área | C21: Onde aconteceu (lista suspensa).
B22: O que eu fiz | C22: Os passos, na ordem. Quanto mais exato, mais rápido eu reproduzo.
B23: O que aconteceu | C23: O que você viu na tela.
B24: O que eu esperava | C24: O que deveria ter acontecido. Esta coluna é a mais valiosa das três.
B25: Tipo | C25: Bug ou Backlog (lista suspensa).
B26: Atrapalha muito? | C26: Sim se impede ou dificulta muito o uso. É esta coluna que alimenta a trava de lançamento.
B27: Status | C27: Deixe em branco — quem preenche sou eu.
B28: Resposta do Arthur | C28: Deixe em branco — quem preenche sou eu.
B30: Trava de lançamento | C30: Na aba Resumo há um contador de bugs abertos que atrapalham muito. Ele precisa chegar a ZERO antes de abrirmos para cliente.
B32: Quem testa quando
B33: Vinícius · 17 a 21/08 | C33: Gestão clínica: o sistema dá conta da rotina real de uma clínica?
B34: Erick · 24 a 26/08 | C34: Fluidez e experiência, já sobre a versão corrigida.
C37: Se algo parecer grave de verdade — por exemplo, você ver dado de uma clínica que não é a sua — ligue para o Arthur em vez de escrever aqui.

Sheet Apontamentos
A1: ID | B1: Data | C1: Quem | D1: Tela / Área | E1: O que eu fiz | F1: O que aconteceu | G1: O que eu esperava | H1: Tipo | I1: Atrapalha muito? | J1: Status | K1: Resposta do Arthur
A2: EXEMPLO | B2: 17/08/2026 | C2: Vinícius | D2: Contas a Receber | E2: Marquei uma consulta como atendida e fui em Contas a Receber | F2: A consulta não gerou nada a receber; a lista continuou vazia | G2: A consulta atendida deveria virar uma conta a receber automaticamente | H2: Bug | I2: Sim
A3: =IF(COUNTA(B3:G3)=0,"",ROW()-2)
A4: =IF(COUNTA(B4:G4)=0,"",ROW()-2)
A5: =IF(COUNTA(B5:G5)=0,"",ROW()-2)
A6: =IF(COUNTA(B6:G6)=0,"",ROW()-2)
A7: =IF(COUNTA(B7:G7)=0,"",ROW()-2)
A8: =IF(COUNTA(B8:G8)=0,"",ROW()-2)
A9: =IF(COUNTA(B9:G9)=0,"",ROW()-2)
A10: =IF(COUNTA(B10:G10)=0,"",ROW()-2)
A11: =IF(COUNTA(B11:G11)=0,"",ROW()-2)
A12: =IF(COUNTA(B12:G12)=0,"",ROW()-2)
A13: =IF(COUNTA(B13:G13)=0,"",ROW()-2)
A14: =IF(COUNTA(B14:G14)=0,"",ROW()-2)
... A500: =IF(COUNTA(B500:G500)=0,"",ROW()-2)

Sheet Resumo
B2: Resumo das baterias
B4: TRAVA DE LANÇAMENTO | C4: =COUNTIFS(Apontamentos!$H$3:$H$500,"Bug",Apontamentos!$I$3:$I$500,"Sim",Apontamentos!$J$3:$J$500,"Aberto")+COUNTIFS(Apontamentos!$H$3:$H$500,"Bug",Apontamentos!$I$3:$I$500,"Sim",Apontamentos!$J$3:$J$500,"") | D4: Bugs abertos que impedem ou atrapalham muito o uso. Precisa chegar a ZERO antes de abrirmos para cliente.
B7: Contagem geral
B8: Total de apontamentos | C8: =COUNTA(Apontamentos!$B$3:$B$500) | D8: Linhas preenchidas.
B9: Bugs | C9: =COUNTIF(Apontamentos!$H$3:$H$500,"Bug") | D9: Corrigir antes do lançamento.
B10: Backlog | C10: =COUNTIF(Apontamentos!$H$3:$H$500,"Backlog") | D10: Entra depois do lançamento.
B11: Sem classificar | C11: =COUNTA(Apontamentos!$B$3:$B$500)-COUNTIF(Apontamentos!$H$3:$H$500,"Bug")-COUNTIF(Apontamentos!$H$3:$H$500,"Backlog") | D11: Precisa ser zero antes de eu começar a corrigir.
B12: Bugs corrigidos | C12: =COUNTIFS(Apontamentos!$H$3:$H$500,"Bug",Apontamentos!$J$3:$J$500,"Corrigido") | D12: Fechados por mim.
B13: Bugs abertos | C13: =COUNTIF(Apontamentos!$H$3:$H$500,"Bug")-COUNTIFS(Apontamentos!$H$3:$H$500,"Bug",Apontamentos!$J$3:$J$500,"Corrigido")-COUNTIFS(Apontamentos!$H$3:$H$500,"Bug",Apontamentos!$J$3:$J$500,"Não será feito") | D13: Fila de correção.
B15: Por quem testou
B16: Vinícius | C16: =COUNTIF(Apontamentos!$C$3:$C$500,"Vinícius")
B17: Erick | C17: =COUNTIF(Apontamentos!$C$3:$C$500,"Erick")
B18: Arthur | C18: =COUNTIF(Apontamentos!$C$3:$C$500,"Arthur")
B20: Por área do sistema
B21: Dashboard | C21: =COUNTIF(Apontamentos!$D$3:$D$500,"Dashboard")
B22: Atendimentos | C22: =COUNTIF(Apontamentos!$D$3:$D$500,"Atendimentos")
B23: Pacientes | C23: =COUNTIF(Apontamentos!$D$3:$D$500,"Pacientes")
B24: Consultas | C24: =COUNTIF(Apontamentos!$D$3:$D$500,"Consultas")
B25: Tarefas | C25: =COUNTIF(Apontamentos!$D$3:$D$500,"Tarefas")
B26: Contas a Receber | C26: =COUNTIF(Apontamentos!$D$3:$D$500,"Contas a Receber")
B27: Contas a Pagar | C27: =COUNTIF(Apontamentos!$D$3:$D$500,"Contas a Pagar")
B28: Fluxo de Caixa | C28: =COUNTIF(Apontamentos!$D$3:$D$500,"Fluxo de Caixa")
B29: Anamnese | C29: =COUNTIF(Apontamentos!$D$3:$D$500,"Anamnese")
B30: Insights IA | C30: =COUNTIF(Apontamentos!$D$3:$D$500,"Insights IA")
B31: Relatórios | C31: =COUNTIF(Apontamentos!$D$3:$D$500,"Relatórios")
B32: Configurações | C32: =COUNTIF(Apontamentos!$D$3:$D$500,"Configurações")
B33: Equipe | C33: =COUNTIF(Apontamentos!$D$3:$D$500,"Equipe")
B34: Cadastro / Login | C34: =COUNTIF(Apontamentos!$D$3:$D$500,"Cadastro / Login")
B35: Outro | C35: =COUNTIF(Apontamentos!$D$3:$D$500,"Outro")
B38: Nota | C38: Todos os números desta aba são fórmulas sobre a aba Apontamentos, a partir da linha 3. A linha 2 é o exemplo e fica de fora da conta — pode apagá-la ou deixar.
